domain,block_type,reject_media,reject_reports,private_comment,public_comment,obfuscate
"076.ne.jp",suspend,FALSE,FALSE,"Tier1_2022-12-01","FediFence.Social",FALSE
"101010.pl",suspend,FALSE,FALSE,"Tier1_2022-12-01","FediFence.Social",FALSE
"13bells.com",suspend,FALSE,FALSE,"Tier1_2022-12-01","FediFence.Social",FALSE
"5dollah.click",suspend,FALSE,FALSE,"Tier1_2022-12-01","FediFence.Social",FALSE
"8777.ch",suspend,FALSE,FALSE,"Tier1_2022-12-01","FediFence.Social",FALSE
"absturztau.be",suspend,FALSE,FALSE,"Tier1_2022-12-01","FediFence.Social",FALSE
"activitypub-troll.cf",suspend,FALSE,FALSE,"Tier1_2022-12-01","FediFence.Social",FALSE
"aethy.com",suspend,FALSE,FALSE,"Tier0_2022-12-01","FediFence.Social",FALSE
"airis.work",suspend,FALSE,FALSE,"Tier1_2022-12-01","FediFence.Social",FALSE
"akm.longyap.name.my",suspend,FALSE,FALSE,"Tier1_2022-12-01","FediFence.Social",FALSE
"amala.schwartzwelt.xyz",suspend,FALSE,FALSE,"Tier1_2022-12-01","FediFence.Social",FALSE
"anemoneya.me",suspend,FALSE,FALSE,"Tier1_2022-12-01","FediFence.Social",FALSE
"angrytoday.com",suspend,FALSE,FALSE,"Tier1_2022-12-01","FediFence.Social",FALSE
"anime.website",suspend,FALSE,FALSE,"Tier1_2022-12-01","FediFence.Social",FALSE
"anon-kenkai.com",suspend,FALSE,FALSE,"Tier1_2022-12-01","FediFence.Social",FALSE
"arachnid.town",suspend,FALSE,FALSE,"Tier1_2022-12-01","FediFence.Social",FALSE
"asimon.org",suspend,FALSE,FALSE,"Tier1_2022-12-01","FediFence.Social",FALSE
"asphodel.rip",suspend,FALSE,FALSE,"Tier1_2022-12-01","FediFence.Social",FALSE
"atyh.cc",suspend,FALSE,FALSE,"Tier1_2022-12-01","FediFence.Social",FALSE
"awoo.fyi",suspend,FALSE,FALSE,"Tier1_2022-12-01","FediFence.Social",FALSE
"bae.st",suspend,FALSE,FALSE,"Tier0_2022-12-01","FediFence.Social",FALSE
"bajax.us",suspend,FALSE,FALSE,"Tier1_2022-12-01","FediFence.Social",FALSE
"banepo.st",suspend,FALSE,FALSE,"Tier1_2022-12-01","FediFence.Social",FALSE
"baraag.net",suspend,FALSE,FALSE,"Tier0_2022-12-01","FediFence.Social",FALSE
"beefyboys.win",suspend,FALSE,FALSE,"Tier0_2022-12-01","FediFence.Social",FALSE
"beepboop.ga",suspend,FALSE,FALSE,"Tier1_2022-12-01","FediFence.Social",FALSE
"bigguys.club",suspend,FALSE,FALSE,"Tier0_2022-12-01","FediFence.Social",FALSE
"bikeshed.party",suspend,FALSE,FALSE,"Tier1_2022-12-01","FediFence.Social",FALSE
"blacksun.social",suspend,FALSE,FALSE,"Tier1_2022-12-01","FediFence.Social",FALSE
"blazingopen.space",suspend,FALSE,FALSE,"Tier1_2022-12-01","FediFence.Social",FALSE
"blob.cat",suspend,FALSE,FALSE,"Tier1_2022-12-01","FediFence.Social",FALSE
"bookwor.ms",suspend,FALSE,FALSE,"Tier1_2022-12-01","FediFence.Social",FALSE
"bozgor.org",suspend,FALSE,FALSE,"Tier1_2022-12-01","FediFence.Social",FALSE
"brapbarn.farm",suspend,FALSE,FALSE,"Tier1_2022-12-01","FediFence.Social",FALSE
"brotka.st",suspend,FALSE,FALSE,"Tier1_2022-12-01","FediFence.Social",FALSE
"bruh.homd.xyz",suspend,FALSE,FALSE,"Tier1_2022-12-01","FediFence.Social",FALSE
"cafkafk.com",suspend,FALSE,FALSE,"Tier1_2022-12-01","FediFence.Social",FALSE
"calobar.club",suspend,FALSE,FALSE,"Tier1_2022-12-01","FediFence.Social",FALSE
"campduffel.social",suspend,FALSE,FALSE,"Tier1_2022-12-01","FediFence.Social",FALSE
"capystan.net",suspend,FALSE,FALSE,"Tier1_2022-12-01","FediFence.Social",FALSE
"cawfee.club",suspend,FALSE,FALSE,"Tier0_2022-12-01","FediFence.Social",FALSE
"childpawn.shop",suspend,FALSE,FALSE,"Tier0_2022-12-01","FediFence.Social",FALSE
"chilira.com",suspend,FALSE,FALSE,"Tier1_2022-12-01","FediFence.Social",FALSE
"chudbuds.lol",suspend,FALSE,FALSE,"Tier1_2022-12-01","FediFence.Social",FALSE
"clq.im",suspend,FALSE,FALSE,"Tier1_2022-12-01","FediFence.Social",FALSE
"clubcyberia.co",suspend,FALSE,FALSE,"Tier1_2022-12-01","FediFence.Social",FALSE
"collapsitarian.io",suspend,FALSE,FALSE,"Tier1_2022-12-01","FediFence.Social",FALSE
"comfyboy.club",suspend,FALSE,FALSE,"Tier0_2022-12-01","FediFence.Social",FALSE
"comfysnug.space",suspend,FALSE,FALSE,"Tier1_2022-12-01","FediFence.Social",FALSE
"commiespace.duckdns.org",suspend,FALSE,FALSE,"Tier1_2022-12-01","FediFence.Social",FALSE
"crid.land",suspend,FALSE,FALSE,"Tier1_2022-12-01","FediFence.Social",FALSE
"criminallycute.fi",suspend,FALSE,FALSE,"Tier1_2022-12-01","FediFence.Social",FALSE
"crlf.ninja",suspend,FALSE,FALSE,"Tier1_2022-12-01","FediFence.Social",FALSE
"crucible.world",suspend,FALSE,FALSE,"Tier1_2022-12-01","FediFence.Social",FALSE
"cryptotooter.com",suspend,FALSE,FALSE,"Tier1_2022-12-01","FediFence.Social",FALSE
"cum.camp",suspend,FALSE,FALSE,"Tier1_2022-12-01","FediFence.Social",FALSE
"cum.salon",suspend,FALSE,FALSE,"Tier0_2022-12-01","FediFence.Social",FALSE
"cyberstorm.one",suspend,FALSE,FALSE,"Tier1_2022-12-01","FediFence.Social",FALSE
"danksquad.org",suspend,FALSE,FALSE,"Tier1_2022-12-01","FediFence.Social",FALSE
"dark-alexandr.net",suspend,FALSE,FALSE,"Tier1_2022-12-01","FediFence.Social",FALSE
"detroitriotcity.com",suspend,FALSE,FALSE,"Tier1_2022-12-01","FediFence.Social",FALSE
"digitalmarketer.social",suspend,FALSE,FALSE,"Tier1_2022-12-01","FediFence.Social",FALSE
"djsumdog.com",suspend,FALSE,FALSE,"Tier1_2022-12-01","FediFence.Social",FALSE
"dline.xyz",suspend,FALSE,FALSE,"Tier1_2022-12-01","FediFence.Social",FALSE
"dmgd.monster",suspend,FALSE,FALSE,"Tier1_2022-12-01","FediFence.Social",FALSE
"dotsod.com",suspend,FALSE,FALSE,"Tier1_2022-12-01","FediFence.Social",FALSE
"duwa.ng",suspend,FALSE,FALSE,"Tier1_2022-12-01","FediFence.Social",FALSE
"eaku.net",suspend,FALSE,FALSE,"Tier1_2022-12-01","FediFence.Social",FALSE
"eatthebugs.social",suspend,FALSE,FALSE,"Tier1_2022-12-01","FediFence.Social",FALSE
"eeeeeeeee.eu",suspend,FALSE,FALSE,"Tier1_2022-12-01","FediFence.Social",FALSE
"el-spot.xyz",suspend,FALSE,FALSE,"Tier1_2022-12-01","FediFence.Social",FALSE
"elementality.org",suspend,FALSE,FALSE,"Tier1_2022-12-01","FediFence.Social",FALSE
"enes.lv",suspend,FALSE,FALSE,"Tier1_2022-12-01","FediFence.Social",FALSE
"eveningzoo.club",suspend,FALSE,FALSE,"Tier1_2022-12-01","FediFence.Social",FALSE
"fandom.community",suspend,FALSE,FALSE,"Tier1_2022-12-01","FediFence.Social",FALSE
"fans.sonichu.com",suspend,FALSE,FALSE,"Tier1_2022-12-01","FediFence.Social",FALSE
"fbxl.net",suspend,FALSE,FALSE,"Tier1_2022-12-01","FediFence.Social",FALSE
"fedihams.net",suspend,FALSE,FALSE,"Tier1_2022-12-01","FediFence.Social",FALSE
"fediverse-lite.com",suspend,FALSE,FALSE,"Tier1_2022-12-01","FediFence.Social",FALSE
"fimidi.com",suspend,FALSE,FALSE,"Tier1_2022-12-01","FediFence.Social",FALSE
"fluf.club",suspend,FALSE,FALSE,"Tier1_2022-12-01","FediFence.Social",FALSE
"foxfam.club",suspend,FALSE,FALSE,"Tier1_2022-12-01","FediFence.Social",FALSE
"fr13nd5.com",suspend,FALSE,FALSE,"Tier1_2022-12-01","FediFence.Social",FALSE
"freak.university",suspend,FALSE,FALSE,"Tier1_2022-12-01","FediFence.Social",FALSE
"freecumextremist.com",suspend,FALSE,FALSE,"Tier1_2022-12-01","FediFence.Social",FALSE
"freesoftwareextremist.com",suspend,FALSE,FALSE,"Tier1_2022-12-01","FediFence.Social",FALSE
"freespeech.group",suspend,FALSE,FALSE,"Tier1_2022-12-01","FediFence.Social",FALSE
"freespeechextremist.com",suspend,FALSE,FALSE,"Tier0_2022-12-01","FediFence.Social",FALSE
"freethinkers.lgbt",suspend,FALSE,FALSE,"Tier1_2022-12-01","FediFence.Social",FALSE
"frens.mahodou.moe",suspend,FALSE,FALSE,"Tier1_2022-12-01","FediFence.Social",FALSE
"fuwa.pink",suspend,FALSE,FALSE,"Tier1_2022-12-01","FediFence.Social",FALSE
"gameliberty.club",suspend,FALSE,FALSE,"Tier1_2022-12-01","FediFence.Social",FALSE
"gamers.exposed",suspend,FALSE,FALSE,"Tier1_2022-12-01","FediFence.Social",FALSE
"gearlandia.haus",suspend,FALSE,FALSE,"Tier1_2022-12-01","FediFence.Social",FALSE
"genderheretics.xyz",suspend,FALSE,FALSE,"Tier1_2022-12-01","FediFence.Social",FALSE
"geofront.rocks",suspend,FALSE,FALSE,"Tier1_2022-12-01","FediFence.Social",FALSE
"ghetti.monster",suspend,FALSE,FALSE,"Tier1_2022-12-01","FediFence.Social",FALSE
"gigaohm.bio",suspend,FALSE,FALSE,"Tier1_2022-12-01","FediFence.Social",FALSE
"girevik.su",suspend,FALSE,FALSE,"Tier1_2022-12-01","FediFence.Social",FALSE
"gleasonator.com",suspend,FALSE,FALSE,"Tier1_2022-12-01","FediFence.Social",FALSE
"glitch.gray.cafe",suspend,FALSE,FALSE,"Tier1_2022-12-01","FediFence.Social",FALSE
"glitchbird.com",suspend,FALSE,FALSE,"Tier1_2022-12-01","FediFence.Social",FALSE
"glownow.club",suspend,FALSE,FALSE,"Tier1_2022-12-01","FediFence.Social",FALSE
"gnu.moe",suspend,FALSE,FALSE,"Tier1_2022-12-01","FediFence.Social",FALSE
"gorf.pub",suspend,FALSE,FALSE,"Tier1_2022-12-01","FediFence.Social",FALSE
"gorf.space",suspend,FALSE,FALSE,"Tier1_2022-12-01","FediFence.Social",FALSE
"gothloli.club",suspend,FALSE,FALSE,"Tier0_2022-12-01","FediFence.Social",FALSE
"goyslop.cafe",suspend,FALSE,FALSE,"Tier1_2022-12-01","FediFence.Social",FALSE
"gravure.club",suspend,FALSE,FALSE,"Tier1_2022-12-01","FediFence.Social",FALSE
"guizzyordi.info",suspend,FALSE,FALSE,"Tier1_2022-12-01","FediFence.Social",FALSE
"handholding.io",suspend,FALSE,FALSE,"Tier1_2022-12-01","FediFence.Social",FALSE
"hello.2heng.xin",suspend,FALSE,FALSE,"Tier1_2022-12-01","FediFence.Social",FALSE
"hendrixgames.com",suspend,FALSE,FALSE,"Tier1_2022-12-01","FediFence.Social",FALSE
"hermit.cafe",suspend,FALSE,FALSE,"Tier1_2022-12-01","FediFence.Social",FALSE
"hidamari.apartments",suspend,FALSE,FALSE,"Tier1_2022-12-01","FediFence.Social",FALSE
"hitchhiker.social",suspend,FALSE,FALSE,"Tier1_2022-12-01","FediFence.Social",FALSE
"honkwerx.tech",suspend,FALSE,FALSE,"Tier1_2022-12-01","FediFence.Social",FALSE
"hornyjail.pro",suspend,FALSE,FALSE,"Tier1_2022-12-01","FediFence.Social",FALSE
"husbandoism.life",suspend,FALSE,FALSE,"Tier1_2022-12-01","FediFence.Social",FALSE
"husk.site",suspend,FALSE,FALSE,"Tier1_2022-12-01","FediFence.Social",FALSE
"iamterminally.online",suspend,FALSE,FALSE,"Tier1_2022-12-01","FediFence.Social",FALSE
"iddqd.social",suspend,FALSE,FALSE,"Tier1_2022-12-01","FediFence.Social",FALSE
"ignorelist.com",suspend,FALSE,FALSE,"Tier1_2022-12-01","FediFence.Social",FALSE
"ikbenpiraat.nl",suspend,FALSE,FALSE,"Tier1_2022-12-01","FediFence.Social",FALSE
"inex.rocks",suspend,FALSE,FALSE,"Tier1_2022-12-01","FediFence.Social",FALSE
"isesh.com",suspend,FALSE,FALSE,"Tier1_2022-12-01","FediFence.Social",FALSE
"jeena.net",suspend,FALSE,FALSE,"Tier1_2022-12-01","FediFence.Social",FALSE
"jir.moe",suspend,FALSE,FALSE,"Tier1_2022-12-01","FediFence.Social",FALSE
"justicewarrior.social",suspend,FALSE,FALSE,"Tier1_2022-12-01","FediFence.Social",FALSE
"jvpiter.net",suspend,FALSE,FALSE,"Tier1_2022-12-01","FediFence.Social",FALSE
"kabuki.club",suspend,FALSE,FALSE,"Tier1_2022-12-01","FediFence.Social",FALSE
"karjalazet.se",suspend,FALSE,FALSE,"Tier1_2022-12-01","FediFence.Social",FALSE
"khajiit.tech",suspend,FALSE,FALSE,"Tier1_2022-12-01","FediFence.Social",FALSE
"kitsunemimi.club",suspend,FALSE,FALSE,"Tier1_2022-12-01","FediFence.Social",FALSE
"kiwifarms.cc",suspend,FALSE,FALSE,"Tier0_2022-12-01","FediFence.Social",FALSE
"kompost.cz",suspend,FALSE,FALSE,"Tier1_2022-12-01","FediFence.Social",FALSE
"kotobank.ch",suspend,FALSE,FALSE,"Tier1_2022-12-01","FediFence.Social",FALSE
"kurosawa.moe",suspend,FALSE,FALSE,"Tier1_2022-12-01","FediFence.Social",FALSE
"lain.com",suspend,FALSE,FALSE,"Tier1_2022-12-01","FediFence.Social",FALSE
"lain.gay",suspend,FALSE,FALSE,"Tier1_2022-12-01","FediFence.Social",FALSE
"lain.sh",suspend,FALSE,FALSE,"Tier1_2022-12-01","FediFence.Social",FALSE
"lainchan.gay",suspend,FALSE,FALSE,"Tier1_2022-12-01","FediFence.Social",FALSE
"leadslinger.org",suspend,FALSE,FALSE,"Tier1_2022-12-01","FediFence.Social",FALSE
"leafposter.club",suspend,FALSE,FALSE,"Tier1_2022-12-01","FediFence.Social",FALSE
"leftychan.net",suspend,FALSE,FALSE,"Tier1_2022-12-01","FediFence.Social",FALSE
"liberal.city",suspend,FALSE,FALSE,"Tier1_2022-12-01","FediFence.Social",FALSE
"liberdon.com",suspend,FALSE,FALSE,"Tier1_2022-12-01","FediFence.Social",FALSE
"libertynode.net",suspend,FALSE,FALSE,"Tier1_2022-12-01","FediFence.Social",FALSE
"librosphere.fr",suspend,FALSE,FALSE,"Tier1_2022-12-01","FediFence.Social",FALSE
"lightlyseared.online",suspend,FALSE,FALSE,"Tier1_2022-12-01","FediFence.Social",FALSE
"lightnovel-dungeon.de",suspend,FALSE,FALSE,"Tier1_2022-12-01","FediFence.Social",FALSE
"ligma.pro",suspend,FALSE,FALSE,"Tier1_2022-12-01","FediFence.Social",FALSE
"lizards.live",suspend,FALSE,FALSE,"Tier1_2022-12-01","FediFence.Social",FALSE
"loli.best",suspend,FALSE,FALSE,"Tier0_2022-12-01","FediFence.Social",FALSE
"lolison.top",suspend,FALSE,FALSE,"Tier0_2022-12-01","FediFence.Social",FALSE
"lord.re",suspend,FALSE,FALSE,"Tier1_2022-12-01","FediFence.Social",FALSE
"lovingexpressions.net",suspend,FALSE,FALSE,"Tier1_2022-12-01","FediFence.Social",FALSE
"lyrenhex.com",suspend,FALSE,FALSE,"Tier1_2022-12-01","FediFence.Social",FALSE
"ma.jameuwu.com",suspend,FALSE,FALSE,"Tier1_2022-12-01","FediFence.Social",FALSE
"macsnet.cz",suspend,FALSE,FALSE,"Tier1_2022-12-01","FediFence.Social",FALSE
"maneisacutie.club",suspend,FALSE,FALSE,"Tier1_2022-12-01","FediFence.Social",FALSE
"masochi.st",suspend,FALSE,FALSE,"Tier1_2022-12-01","FediFence.Social",FALSE
"mastodon.ml",suspend,FALSE,FALSE,"Tier1_2022-12-01","FediFence.Social",FALSE
"mastodon.tech",suspend,FALSE,FALSE,"Tier1_2022-12-01","FediFence.Social",FALSE
"mastodong.lol",suspend,FALSE,FALSE,"Tier1_2022-12-01","FediFence.Social",FALSE
"merovingian.club",suspend,FALSE,FALSE,"Tier1_2022-12-01","FediFence.Social",FALSE
"milker.cafe",suspend,FALSE,FALSE,"Tier1_2022-12-01","FediFence.Social",FALSE
"miniwa.moe",suspend,FALSE,FALSE,"Tier1_2022-12-01","FediFence.Social",FALSE
"mirr0r.city",suspend,FALSE,FALSE,"Tier1_2022-12-01","FediFence.Social",FALSE
"misskey-forkbomb.cf",suspend,FALSE,FALSE,"Tier1_2022-12-01","FediFence.Social",FALSE
"moe.cachapa.xyz",suspend,FALSE,FALSE,"Tier1_2022-12-01","FediFence.Social",FALSE
"mooo.com",suspend,FALSE,FALSE,"Tier1_2022-12-01","FediFence.Social",FALSE
"mr64.net",suspend,FALSE,FALSE,"Tier1_2022-12-01","FediFence.Social",FALSE
"mrhands.horse",suspend,FALSE,FALSE,"Tier1_2022-12-01","FediFence.Social",FALSE
"mugicha.club",suspend,FALSE,FALSE,"Tier1_2022-12-01","FediFence.Social",FALSE
"muh.wang",suspend,FALSE,FALSE,"Tier1_2022-12-01","FediFence.Social",FALSE
"myopic.one",suspend,FALSE,FALSE,"Tier1_2022-12-01","FediFence.Social",FALSE
"nanovim.tk",suspend,FALSE,FALSE,"Tier1_2022-12-01","FediFence.Social",FALSE
"narrativerry.xyz",suspend,FALSE,FALSE,"Tier1_2022-12-01","FediFence.Social",FALSE
"natehiggers.online",suspend,FALSE,FALSE,"Tier1_2022-12-01","FediFence.Social",FALSE
"nationaljustice.social",suspend,FALSE,FALSE,"Tier1_2022-12-01","FediFence.Social",FALSE
"netzsphaere.xyz",suspend,FALSE,FALSE,"Tier1_2022-12-01","FediFence.Social",FALSE
"nicecrew.digital",suspend,FALSE,FALSE,"Tier0_2022-12-01","FediFence.Social",FALSE
"nightshift.social",suspend,FALSE,FALSE,"Tier1_2022-12-01","FediFence.Social",FALSE
"nikotile.xyz",suspend,FALSE,FALSE,"Tier1_2022-12-01","FediFence.Social",FALSE
"noagendasocial.com",suspend,FALSE,FALSE,"Tier0_2022-12-01","FediFence.Social",FALSE
"nobodyhasthe.biz",suspend,FALSE,FALSE,"Tier1_2022-12-01","FediFence.Social",FALSE
"normie.cafe",suspend,FALSE,FALSE,"Tier1_2022-12-01","FediFence.Social",FALSE
"novo-atlantis.null.media",suspend,FALSE,FALSE,"Tier1_2022-12-01","FediFence.Social",FALSE
"office.dtzbts.xyz",suspend,FALSE,FALSE,"Tier1_2022-12-01","FediFence.Social",FALSE
"outerheaven.club",suspend,FALSE,FALSE,"Tier1_2022-12-01","FediFence.Social",FALSE
"outpoa.st",suspend,FALSE,FALSE,"Tier1_2022-12-01","FediFence.Social",FALSE
"pawlicker.com",suspend,FALSE,FALSE,"Tier1_2022-12-01","FediFence.Social",FALSE
"paws.moe",suspend,FALSE,FALSE,"Tier1_2022-12-01","FediFence.Social",FALSE
"pieville.net",suspend,FALSE,FALSE,"Tier1_2022-12-01","FediFence.Social",FALSE
"pirateradio.social",suspend,FALSE,FALSE,"Tier1_2022-12-01","FediFence.Social",FALSE
"pixificial.xyz",suspend,FALSE,FALSE,"Tier1_2022-12-01","FediFence.Social",FALSE
"pleroma-in.ouda.space",suspend,FALSE,FALSE,"Tier1_2022-12-01","FediFence.Social",FALSE
"plma.plus.st",suspend,FALSE,FALSE,"Tier1_2022-12-01","FediFence.Social",FALSE
"poa.st",suspend,FALSE,FALSE,"Tier0_2022-12-01","FediFence.Social",FALSE
"podcastindex.social",suspend,FALSE,FALSE,"Tier1_2022-12-01","FediFence.Social",FALSE
"polaris-1.work",suspend,FALSE,FALSE,"Tier1_2022-12-01","FediFence.Social",FALSE
"posix.gay",suspend,FALSE,FALSE,"Tier1_2022-12-01","FediFence.Social",FALSE
"post.ebin.club",suspend,FALSE,FALSE,"Tier1_2022-12-01","FediFence.Social",FALSE
"poster.place",suspend,FALSE,FALSE,"Tier1_2022-12-01","FediFence.Social",FALSE
"posting.lolicon.rocks",suspend,FALSE,FALSE,"Tier0_2022-12-01","FediFence.Social",FALSE
"privex.social",suspend,FALSE,FALSE,"Tier1_2022-12-01","FediFence.Social",FALSE
"prsm.space",suspend,FALSE,FALSE,"Tier1_2022-12-01","FediFence.Social",FALSE
"ps.m0n5t3r.info",suspend,FALSE,FALSE,"Tier1_2022-12-01","FediFence.Social",FALSE
"pub.killrobot.com",suspend,FALSE,FALSE,"Tier1_2022-12-01","FediFence.Social",FALSE
"rageparty.club",suspend,FALSE,FALSE,"Tier1_2022-12-01","FediFence.Social",FALSE
"rapefeminists.network",suspend,FALSE,FALSE,"Tier0_2022-12-01","FediFence.Social",FALSE
"rapemeat.solutions",suspend,FALSE,FALSE,"Tier0_2022-12-01","FediFence.Social",FALSE
"rapist.town",suspend,FALSE,FALSE,"Tier0_2022-12-01","FediFence.Social",FALSE
"rdrama.cc",suspend,FALSE,FALSE,"Tier1_2022-12-01","FediFence.Social",FALSE
"real.dogsex.org",suspend,FALSE,FALSE,"Tier1_2022-12-01","FediFence.Social",FALSE
"rebased.io",suspend,FALSE,FALSE,"Tier1_2022-12-01","FediFence.Social",FALSE
"redstateliberal.social",suspend,FALSE,FALSE,"Tier1_2022-12-01","FediFence.Social",FALSE
"refusal.biz",suspend,FALSE,FALSE,"Tier1_2022-12-01","FediFence.Social",FALSE
"refuse2.work",suspend,FALSE,FALSE,"Tier1_2022-12-01","FediFence.Social",FALSE
"repl.co",suspend,FALSE,FALSE,"Tier1_2022-12-01","FediFence.Social",FALSE
"riddly.rakka.tk",suspend,FALSE,FALSE,"Tier1_2022-12-01","FediFence.Social",FALSE
"rojogato.com",suspend,FALSE,FALSE,"Tier1_2022-12-01","FediFence.Social",FALSE
"ryona.agency",suspend,FALSE,FALSE,"Tier0_2022-12-01","FediFence.Social",FALSE
"sad.cab",suspend,FALSE,FALSE,"Tier1_2022-12-01","FediFence.Social",FALSE
"sakamoto.gq",suspend,FALSE,FALSE,"Tier1_2022-12-01","FediFence.Social",FALSE
"salastil.com",suspend,FALSE,FALSE,"Tier1_2022-12-01","FediFence.Social",FALSE
"schelling.pt",suspend,FALSE,FALSE,"Tier1_2022-12-01","FediFence.Social",FALSE
"seahorse.sh",suspend,FALSE,FALSE,"Tier1_2022-12-01","FediFence.Social",FALSE
"seal.cafe",suspend,FALSE,FALSE,"Tier1_2022-12-01","FediFence.Social",FALSE
"shadowkat.net",suspend,FALSE,FALSE,"Tier1_2022-12-01","FediFence.Social",FALSE
"shigusegubu.club",suspend,FALSE,FALSE,"Tier1_2022-12-01","FediFence.Social",FALSE
"shitpost.cloud",suspend,FALSE,FALSE,"Tier1_2022-12-01","FediFence.Social",FALSE
"shitpost.racing",suspend,FALSE,FALSE,"Tier1_2022-12-01","FediFence.Social",FALSE
"shitposter.club",suspend,FALSE,FALSE,"Tier1_2022-12-01","FediFence.Social",FALSE
"shortstackran.ch",suspend,FALSE,FALSE,"Tier1_2022-12-01","FediFence.Social",FALSE
"shota.house",suspend,FALSE,FALSE,"Tier0_2022-12-01","FediFence.Social",FALSE
"shota.social",suspend,FALSE,FALSE,"Tier0_2022-12-01","FediFence.Social",FALSE
"shpposter.club",suspend,FALSE,FALSE,"Tier1_2022-12-01","FediFence.Social",FALSE
"shrine.moe",suspend,FALSE,FALSE,"Tier1_2022-12-01","FediFence.Social",FALSE
"shunderdo.me",suspend,FALSE,FALSE,"Tier1_2022-12-01","FediFence.Social",FALSE
"sick.social",suspend,FALSE,FALSE,"Tier1_2022-12-01","FediFence.Social",FALSE
"singing.dog",suspend,FALSE,FALSE,"Tier1_2022-12-01","FediFence.Social",FALSE
"skinnyver.se",suspend,FALSE,FALSE,"Tier1_2022-12-01","FediFence.Social",FALSE
"skyjake.fi",suspend,FALSE,FALSE,"Tier1_2022-12-01","FediFence.Social",FALSE
"skyshanty.xyz",suspend,FALSE,FALSE,"Tier1_2022-12-01","FediFence.Social",FALSE
"slash.cl",suspend,FALSE,FALSE,"Tier1_2022-12-01","FediFence.Social",FALSE
"sleepy.cafe",suspend,FALSE,FALSE,"Tier1_2022-12-01","FediFence.Social",FALSE
"smittenkittens.xyz",suspend,FALSE,FALSE,"Tier1_2022-12-01","FediFence.Social",FALSE
"smuglo.li",suspend,FALSE,FALSE,"Tier0_2022-12-01","FediFence.Social",FALSE
"snabelen.no",suspend,FALSE,FALSE,"Tier1_2022-12-01","FediFence.Social",FALSE
"sneed.social",suspend,FALSE,FALSE,"Tier1_2022-12-01","FediFence.Social",FALSE
"sneed.vip",suspend,FALSE,FALSE,"Tier1_2022-12-01","FediFence.Social",FALSE
"soapbox.midwaytrades.com",suspend,FALSE,FALSE,"Tier1_2022-12-01","FediFence.Social",FALSE
"socialgoblins.club",suspend,FALSE,FALSE,"Tier1_2022-12-01","FediFence.Social",FALSE
"socialpa.ws",suspend,FALSE,FALSE,"Tier1_2022-12-01","FediFence.Social",FALSE
"soykaf.com",suspend,FALSE,FALSE,"Tier1_2022-12-01","FediFence.Social",FALSE
"sperg.city",suspend,FALSE,FALSE,"Tier1_2022-12-01","FediFence.Social",FALSE
"spook.social",suspend,FALSE,FALSE,"Tier1_2022-12-01","FediFence.Social",FALSE
"starnix.network",suspend,FALSE,FALSE,"Tier1_2022-12-01","FediFence.Social",FALSE
"stereophonic.space",suspend,FALSE,FALSE,"Tier1_2022-12-01","FediFence.Social",FALSE
"stracknet.com",suspend,FALSE,FALSE,"Tier1_2022-12-01","FediFence.Social",FALSE
"strelizia.net",suspend,FALSE,FALSE,"Tier1_2022-12-01","FediFence.Social",FALSE
"sully.site",suspend,FALSE,FALSE,"Tier1_2022-12-01","FediFence.Social",FALSE
"suya.place",suspend,FALSE,FALSE,"Tier1_2022-12-01","FediFence.Social",FALSE
"teci.world",suspend,FALSE,FALSE,"Tier1_2022-12-01","FediFence.Social",FALSE
"thejar.club",suspend,FALSE,FALSE,"Tier1_2022-12-01","FediFence.Social",FALSE
"thepostearthdestination.com",suspend,FALSE,FALSE,"Tier1_2022-12-01","FediFence.Social",FALSE
"thisis.mylegendary.quest",suspend,FALSE,FALSE,"Tier1_2022-12-01","FediFence.Social",FALSE
"tkammer.de",suspend,FALSE,FALSE,"Tier1_2022-12-01","FediFence.Social",FALSE
"tkw.fm",suspend,FALSE,FALSE,"Tier1_2022-12-01","FediFence.Social",FALSE
"tomo.airen-no-jikken.icu",suspend,FALSE,FALSE,"Tier1_2022-12-01","FediFence.Social",FALSE
"tonesplace.com",suspend,FALSE,FALSE,"Tier1_2022-12-01","FediFence.Social",FALSE
"tristram.uber.space",suspend,FALSE,FALSE,"Tier1_2022-12-01","FediFence.Social",FALSE
"troll.cafe",suspend,FALSE,FALSE,"Tier1_2022-12-01","FediFence.Social",FALSE
"tuusin.misono-ya.info",suspend,FALSE,FALSE,"Tier1_2022-12-01","FediFence.Social",FALSE
"udongein.xyz",suspend,FALSE,FALSE,"Tier1_2022-12-01","FediFence.Social",FALSE
"ungoverned.social",suspend,FALSE,FALSE,"Tier1_2022-12-01","FediFence.Social",FALSE
"urchan.org",suspend,FALSE,FALSE,"Tier0_2022-12-01","FediFence.Social",FALSE
"urspringer.de",suspend,FALSE,FALSE,"Tier1_2022-12-01","FediFence.Social",FALSE
"valkyrie.world",suspend,FALSE,FALSE,"Tier1_2022-12-01","FediFence.Social",FALSE
"varishangout.net",suspend,FALSE,FALSE,"Tier1_2022-12-01","FediFence.Social",FALSE
"veenus.art",suspend,FALSE,FALSE,"Tier1_2022-12-01","FediFence.Social",FALSE
"voidworks.cc",suspend,FALSE,FALSE,"Tier1_2022-12-01","FediFence.Social",FALSE
"waifuism.life",suspend,FALSE,FALSE,"Tier1_2022-12-01","FediFence.Social",FALSE
"we.1being.org",suspend,FALSE,FALSE,"Tier1_2022-12-01","FediFence.Social",FALSE
"weeaboo.space",suspend,FALSE,FALSE,"Tier1_2022-12-01","FediFence.Social",FALSE
"whinge.town",suspend,FALSE,FALSE,"Tier1_2022-12-01","FediFence.Social",FALSE
"wideboys.org",suspend,FALSE,FALSE,"Tier1_2022-12-01","FediFence.Social",FALSE
"wolfgirl.bar",suspend,FALSE,FALSE,"Tier1_2022-12-01","FediFence.Social",FALSE
"wolfie.pw",suspend,FALSE,FALSE,"Tier1_2022-12-01","FediFence.Social",FALSE
"wolfschouten.nl",suspend,FALSE,FALSE,"Tier1_2022-12-01","FediFence.Social",FALSE
"wreck.rocks",suspend,FALSE,FALSE,"Tier1_2022-12-01","FediFence.Social",FALSE
"xenofem.me",suspend,FALSE,FALSE,"Tier1_2022-12-01","FediFence.Social",FALSE
"xhais.love",suspend,FALSE,FALSE,"Tier1_2022-12-01","FediFence.Social",FALSE
"xmrposter.club",suspend,FALSE,FALSE,"Tier1_2022-12-01","FediFence.Social",FALSE
"xn--p1abe3d.xn--80asehdb",suspend,FALSE,FALSE,"Tier1_2022-12-01","FediFence.Social",FALSE
"xyenon.bid",suspend,FALSE,FALSE,"Tier1_2022-12-01","FediFence.Social",FALSE
"yggdrasil.social",suspend,FALSE,FALSE,"Tier0_2022-12-01","FediFence.Social",FALSE
"youjo.love",suspend,FALSE,FALSE,"Tier1_2022-12-01","FediFence.Social",FALSE
"zombiecats.run",suspend,FALSE,FALSE,"Tier1_2022-12-01","FediFence.Social",FALSE
"zztails.gay",suspend,FALSE,FALSE,"Tier1_2022-12-01","FediFence.Social",FALSE